"model","AUC","MCR"
"random_forest",0.795677361853832,0.308724832214765
"xgboost",0.794563279857397,0.25503355704698
"knn",0.783199643493761,0.315436241610738
"pruned_tree",0.762254901960784,0.389261744966443
"logistic",0.70632798573975,0.38255033557047
"tree",0.643048128342246,0.281879194630872
